--
-- PostgreSQL database dump
--

\restrict izybK5PfECGaQT9meJTaByktCPMH2rrvaQ0ADyZqeVq10YtSt3X3aUQn9Ehdg9z

-- Dumped from database version 16.14 (Debian 16.14-1.pgdg13+1)
-- Dumped by pg_dump version 16.14 (Debian 16.14-1.pgdg13+1)

SET statement_timeout = 0;
SET lock_timeout = 0;
SET idle_in_transaction_session_timeout = 0;
SET client_encoding = 'UTF8';
SET standard_conforming_strings = on;
SELECT pg_catalog.set_config('search_path', '', false);
SET check_function_bodies = false;
SET xmloption = content;
SET client_min_messages = warning;
SET row_security = off;

SET default_tablespace = '';

SET default_table_access_method = heap;

--
-- Name: auth_group; Type: TABLE; Schema: public; Owner: postgres
--

CREATE TABLE public.auth_group (
    id integer NOT NULL,
    name character varying(150) NOT NULL
);


ALTER TABLE public.auth_group OWNER TO postgres;

--
-- Name: auth_group_id_seq; Type: SEQUENCE; Schema: public; Owner: postgres
--

ALTER TABLE public.auth_group ALTER COLUMN id ADD GENERATED BY DEFAULT AS IDENTITY (
    SEQUENCE NAME public.auth_group_id_seq
    START WITH 1
    INCREMENT BY 1
    NO MINVALUE
    NO MAXVALUE
    CACHE 1
);


--
-- Name: auth_group_permissions; Type: TABLE; Schema: public; Owner: postgres
--

CREATE TABLE public.auth_group_permissions (
    id bigint NOT NULL,
    group_id integer NOT NULL,
    permission_id integer NOT NULL
);


ALTER TABLE public.auth_group_permissions OWNER TO postgres;

--
-- Name: auth_group_permissions_id_seq; Type: SEQUENCE; Schema: public; Owner: postgres
--

ALTER TABLE public.auth_group_permissions ALTER COLUMN id ADD GENERATED BY DEFAULT AS IDENTITY (
    SEQUENCE NAME public.auth_group_permissions_id_seq
    START WITH 1
    INCREMENT BY 1
    NO MINVALUE
    NO MAXVALUE
    CACHE 1
);


--
-- Name: auth_permission; Type: TABLE; Schema: public; Owner: postgres
--

CREATE TABLE public.auth_permission (
    id integer NOT NULL,
    name character varying(255) NOT NULL,
    content_type_id integer NOT NULL,
    codename character varying(100) NOT NULL
);


ALTER TABLE public.auth_permission OWNER TO postgres;

--
-- Name: auth_permission_id_seq; Type: SEQUENCE; Schema: public; Owner: postgres
--

ALTER TABLE public.auth_permission ALTER COLUMN id ADD GENERATED BY DEFAULT AS IDENTITY (
    SEQUENCE NAME public.auth_permission_id_seq
    START WITH 1
    INCREMENT BY 1
    NO MINVALUE
    NO MAXVALUE
    CACHE 1
);


--
-- Name: auth_user; Type: TABLE; Schema: public; Owner: postgres
--

CREATE TABLE public.auth_user (
    id integer NOT NULL,
    password character varying(128) NOT NULL,
    last_login timestamp with time zone,
    is_superuser boolean NOT NULL,
    username character varying(150) NOT NULL,
    first_name character varying(150) NOT NULL,
    last_name character varying(150) NOT NULL,
    email character varying(254) NOT NULL,
    is_staff boolean NOT NULL,
    is_active boolean NOT NULL,
    date_joined timestamp with time zone NOT NULL
);


ALTER TABLE public.auth_user OWNER TO postgres;

--
-- Name: auth_user_groups; Type: TABLE; Schema: public; Owner: postgres
--

CREATE TABLE public.auth_user_groups (
    id bigint NOT NULL,
    user_id integer NOT NULL,
    group_id integer NOT NULL
);


ALTER TABLE public.auth_user_groups OWNER TO postgres;

--
-- Name: auth_user_groups_id_seq; Type: SEQUENCE; Schema: public; Owner: postgres
--

ALTER TABLE public.auth_user_groups ALTER COLUMN id ADD GENERATED BY DEFAULT AS IDENTITY (
    SEQUENCE NAME public.auth_user_groups_id_seq
    START WITH 1
    INCREMENT BY 1
    NO MINVALUE
    NO MAXVALUE
    CACHE 1
);


--
-- Name: auth_user_id_seq; Type: SEQUENCE; Schema: public; Owner: postgres
--

ALTER TABLE public.auth_user ALTER COLUMN id ADD GENERATED BY DEFAULT AS IDENTITY (
    SEQUENCE NAME public.auth_user_id_seq
    START WITH 1
    INCREMENT BY 1
    NO MINVALUE
    NO MAXVALUE
    CACHE 1
);


--
-- Name: auth_user_user_permissions; Type: TABLE; Schema: public; Owner: postgres
--

CREATE TABLE public.auth_user_user_permissions (
    id bigint NOT NULL,
    user_id integer NOT NULL,
    permission_id integer NOT NULL
);


ALTER TABLE public.auth_user_user_permissions OWNER TO postgres;

--
-- Name: auth_user_user_permissions_id_seq; Type: SEQUENCE; Schema: public; Owner: postgres
--

ALTER TABLE public.auth_user_user_permissions ALTER COLUMN id ADD GENERATED BY DEFAULT AS IDENTITY (
    SEQUENCE NAME public.auth_user_user_permissions_id_seq
    START WITH 1
    INCREMENT BY 1
    NO MINVALUE
    NO MAXVALUE
    CACHE 1
);


--
-- Name: core_accesstoken; Type: TABLE; Schema: public; Owner: postgres
--

CREATE TABLE public.core_accesstoken (
    id bigint NOT NULL,
    created_at timestamp with time zone NOT NULL,
    is_active boolean NOT NULL,
    token character varying(64) NOT NULL,
    user_id integer NOT NULL
);


ALTER TABLE public.core_accesstoken OWNER TO postgres;

--
-- Name: core_accesstoken_id_seq; Type: SEQUENCE; Schema: public; Owner: postgres
--

ALTER TABLE public.core_accesstoken ALTER COLUMN id ADD GENERATED BY DEFAULT AS IDENTITY (
    SEQUENCE NAME public.core_accesstoken_id_seq
    START WITH 1
    INCREMENT BY 1
    NO MINVALUE
    NO MAXVALUE
    CACHE 1
);


--
-- Name: core_bestsellerproduct; Type: TABLE; Schema: public; Owner: postgres
--

CREATE TABLE public.core_bestsellerproduct (
    id bigint NOT NULL,
    name character varying(255) NOT NULL,
    price numeric(8,2) NOT NULL,
    image character varying(100) NOT NULL,
    description text,
    rating integer NOT NULL
);


ALTER TABLE public.core_bestsellerproduct OWNER TO postgres;

--
-- Name: core_bestsellerproduct_id_seq; Type: SEQUENCE; Schema: public; Owner: postgres
--

ALTER TABLE public.core_bestsellerproduct ALTER COLUMN id ADD GENERATED BY DEFAULT AS IDENTITY (
    SEQUENCE NAME public.core_bestsellerproduct_id_seq
    START WITH 1
    INCREMENT BY 1
    NO MINVALUE
    NO MAXVALUE
    CACHE 1
);


--
-- Name: core_blog; Type: TABLE; Schema: public; Owner: postgres
--

CREATE TABLE public.core_blog (
    id bigint NOT NULL,
    title character varying(200) NOT NULL,
    description text NOT NULL,
    image character varying(100) NOT NULL,
    created_at timestamp with time zone NOT NULL
);


ALTER TABLE public.core_blog OWNER TO postgres;

--
-- Name: core_blog_id_seq; Type: SEQUENCE; Schema: public; Owner: postgres
--

ALTER TABLE public.core_blog ALTER COLUMN id ADD GENERATED BY DEFAULT AS IDENTITY (
    SEQUENCE NAME public.core_blog_id_seq
    START WITH 1
    INCREMENT BY 1
    NO MINVALUE
    NO MAXVALUE
    CACHE 1
);


--
-- Name: core_cart; Type: TABLE; Schema: public; Owner: postgres
--

CREATE TABLE public.core_cart (
    id bigint NOT NULL,
    created_at timestamp with time zone NOT NULL
);


ALTER TABLE public.core_cart OWNER TO postgres;

--
-- Name: core_cart_id_seq; Type: SEQUENCE; Schema: public; Owner: postgres
--

ALTER TABLE public.core_cart ALTER COLUMN id ADD GENERATED BY DEFAULT AS IDENTITY (
    SEQUENCE NAME public.core_cart_id_seq
    START WITH 1
    INCREMENT BY 1
    NO MINVALUE
    NO MAXVALUE
    CACHE 1
);


--
-- Name: core_cartitem; Type: TABLE; Schema: public; Owner: postgres
--

CREATE TABLE public.core_cartitem (
    id bigint NOT NULL,
    quantity integer NOT NULL,
    cart_id bigint NOT NULL,
    product_id bigint NOT NULL,
    CONSTRAINT core_cartitem_quantity_check CHECK ((quantity >= 0))
);


ALTER TABLE public.core_cartitem OWNER TO postgres;

--
-- Name: core_cartitem_id_seq; Type: SEQUENCE; Schema: public; Owner: postgres
--

ALTER TABLE public.core_cartitem ALTER COLUMN id ADD GENERATED BY DEFAULT AS IDENTITY (
    SEQUENCE NAME public.core_cartitem_id_seq
    START WITH 1
    INCREMENT BY 1
    NO MINVALUE
    NO MAXVALUE
    CACHE 1
);


--
-- Name: core_category; Type: TABLE; Schema: public; Owner: postgres
--

CREATE TABLE public.core_category (
    id bigint NOT NULL,
    "categoryName" character varying(200),
    "categoryImage" character varying(100)
);


ALTER TABLE public.core_category OWNER TO postgres;

--
-- Name: core_category_id_seq; Type: SEQUENCE; Schema: public; Owner: postgres
--

ALTER TABLE public.core_category ALTER COLUMN id ADD GENERATED BY DEFAULT AS IDENTITY (
    SEQUENCE NAME public.core_category_id_seq
    START WITH 1
    INCREMENT BY 1
    NO MINVALUE
    NO MAXVALUE
    CACHE 1
);


--
-- Name: core_herosection; Type: TABLE; Schema: public; Owner: postgres
--

CREATE TABLE public.core_herosection (
    id bigint NOT NULL,
    image character varying(100)
);


ALTER TABLE public.core_herosection OWNER TO postgres;

--
-- Name: core_herosection_id_seq; Type: SEQUENCE; Schema: public; Owner: postgres
--

ALTER TABLE public.core_herosection ALTER COLUMN id ADD GENERATED BY DEFAULT AS IDENTITY (
    SEQUENCE NAME public.core_herosection_id_seq
    START WITH 1
    INCREMENT BY 1
    NO MINVALUE
    NO MAXVALUE
    CACHE 1
);


--
-- Name: core_newarrivalproduct; Type: TABLE; Schema: public; Owner: postgres
--

CREATE TABLE public.core_newarrivalproduct (
    id bigint NOT NULL,
    name character varying(255) NOT NULL,
    price numeric(8,2) NOT NULL,
    image character varying(100) NOT NULL,
    is_on_sale boolean NOT NULL,
    description text
);


ALTER TABLE public.core_newarrivalproduct OWNER TO postgres;

--
-- Name: core_newarrivalproduct_id_seq; Type: SEQUENCE; Schema: public; Owner: postgres
--

ALTER TABLE public.core_newarrivalproduct ALTER COLUMN id ADD GENERATED BY DEFAULT AS IDENTITY (
    SEQUENCE NAME public.core_newarrivalproduct_id_seq
    START WITH 1
    INCREMENT BY 1
    NO MINVALUE
    NO MAXVALUE
    CACHE 1
);


--
-- Name: core_order; Type: TABLE; Schema: public; Owner: postgres
--

CREATE TABLE public.core_order (
    id bigint NOT NULL,
    "customerName" character varying(100) NOT NULL,
    "customerPhone" character varying(20) NOT NULL,
    "orderDate" timestamp with time zone NOT NULL,
    "totalAmount" numeric(10,2) NOT NULL,
    "QRCodeInvoice" character varying(100)
);


ALTER TABLE public.core_order OWNER TO postgres;

--
-- Name: core_order_id_seq; Type: SEQUENCE; Schema: public; Owner: postgres
--

ALTER TABLE public.core_order ALTER COLUMN id ADD GENERATED BY DEFAULT AS IDENTITY (
    SEQUENCE NAME public.core_order_id_seq
    START WITH 1
    INCREMENT BY 1
    NO MINVALUE
    NO MAXVALUE
    CACHE 1
);


--
-- Name: core_orderitem; Type: TABLE; Schema: public; Owner: postgres
--

CREATE TABLE public.core_orderitem (
    id bigint NOT NULL,
    "productName" character varying(255) NOT NULL,
    quantity integer NOT NULL,
    price numeric(8,2) NOT NULL,
    order_id bigint NOT NULL,
    CONSTRAINT core_orderitem_quantity_check CHECK ((quantity >= 0))
);


ALTER TABLE public.core_orderitem OWNER TO postgres;

--
-- Name: core_orderitem_id_seq; Type: SEQUENCE; Schema: public; Owner: postgres
--

ALTER TABLE public.core_orderitem ALTER COLUMN id ADD GENERATED BY DEFAULT AS IDENTITY (
    SEQUENCE NAME public.core_orderitem_id_seq
    START WITH 1
    INCREMENT BY 1
    NO MINVALUE
    NO MAXVALUE
    CACHE 1
);


--
-- Name: core_popularproduct; Type: TABLE; Schema: public; Owner: postgres
--

CREATE TABLE public.core_popularproduct (
    id bigint NOT NULL,
    name character varying(255) NOT NULL,
    price numeric(8,2) NOT NULL,
    original_price numeric(8,2),
    image character varying(100) NOT NULL,
    rating smallint NOT NULL,
    is_on_sale boolean NOT NULL,
    CONSTRAINT core_popularproduct_rating_check CHECK ((rating >= 0))
);


ALTER TABLE public.core_popularproduct OWNER TO postgres;

--
-- Name: core_popularproduct_id_seq; Type: SEQUENCE; Schema: public; Owner: postgres
--

ALTER TABLE public.core_popularproduct ALTER COLUMN id ADD GENERATED BY DEFAULT AS IDENTITY (
    SEQUENCE NAME public.core_popularproduct_id_seq
    START WITH 1
    INCREMENT BY 1
    NO MINVALUE
    NO MAXVALUE
    CACHE 1
);


--
-- Name: core_product; Type: TABLE; Schema: public; Owner: postgres
--

CREATE TABLE public.core_product (
    id bigint NOT NULL,
    name character varying(200) NOT NULL,
    description text,
    price numeric(8,2) NOT NULL,
    original_price numeric(8,2),
    image character varying(100) NOT NULL,
    rating integer,
    is_on_sale boolean NOT NULL,
    is_popular boolean NOT NULL,
    is_new_arrival boolean NOT NULL,
    is_best_seller boolean NOT NULL,
    available boolean NOT NULL,
    category_id bigint NOT NULL
);


ALTER TABLE public.core_product OWNER TO postgres;

--
-- Name: core_product_id_seq; Type: SEQUENCE; Schema: public; Owner: postgres
--

ALTER TABLE public.core_product ALTER COLUMN id ADD GENERATED BY DEFAULT AS IDENTITY (
    SEQUENCE NAME public.core_product_id_seq
    START WITH 1
    INCREMENT BY 1
    NO MINVALUE
    NO MAXVALUE
    CACHE 1
);


--
-- Name: core_productdetail; Type: TABLE; Schema: public; Owner: postgres
--

CREATE TABLE public.core_productdetail (
    id bigint NOT NULL,
    "productDetailName" character varying(200),
    "Information" text,
    "Reviews" text,
    "productDetailDate" timestamp with time zone,
    price numeric(8,2),
    available boolean NOT NULL,
    "productID_id" bigint,
    name character varying(200) NOT NULL,
    application_time character varying(100),
    original_price numeric(8,2),
    packaging character varying(100),
    shelf_life character varying(100),
    skin_type character varying(200)
);


ALTER TABLE public.core_productdetail OWNER TO postgres;

--
-- Name: core_productdetail_id_seq; Type: SEQUENCE; Schema: public; Owner: postgres
--

ALTER TABLE public.core_productdetail ALTER COLUMN id ADD GENERATED BY DEFAULT AS IDENTITY (
    SEQUENCE NAME public.core_productdetail_id_seq
    START WITH 1
    INCREMENT BY 1
    NO MINVALUE
    NO MAXVALUE
    CACHE 1
);


--
-- Name: core_productimage; Type: TABLE; Schema: public; Owner: postgres
--

CREATE TABLE public.core_productimage (
    id bigint NOT NULL,
    alt_text character varying(200) NOT NULL,
    product_id bigint NOT NULL,
    image character varying(100) NOT NULL
);


ALTER TABLE public.core_productimage OWNER TO postgres;

--
-- Name: core_productimage_id_seq; Type: SEQUENCE; Schema: public; Owner: postgres
--

ALTER TABLE public.core_productimage ALTER COLUMN id ADD GENERATED BY DEFAULT AS IDENTITY (
    SEQUENCE NAME public.core_productimage_id_seq
    START WITH 1
    INCREMENT BY 1
    NO MINVALUE
    NO MAXVALUE
    CACHE 1
);


--
-- Name: core_qrcode; Type: TABLE; Schema: public; Owner: postgres
--

CREATE TABLE public.core_qrcode (
    id bigint NOT NULL,
    "qrName" character varying(100) NOT NULL,
    "qrImage" character varying(100) NOT NULL
);


ALTER TABLE public.core_qrcode OWNER TO postgres;

--
-- Name: core_qrcode_id_seq; Type: SEQUENCE; Schema: public; Owner: postgres
--

ALTER TABLE public.core_qrcode ALTER COLUMN id ADD GENERATED BY DEFAULT AS IDENTITY (
    SEQUENCE NAME public.core_qrcode_id_seq
    START WITH 1
    INCREMENT BY 1
    NO MINVALUE
    NO MAXVALUE
    CACHE 1
);


--
-- Name: core_sizeoption; Type: TABLE; Schema: public; Owner: postgres
--

CREATE TABLE public.core_sizeoption (
    id bigint NOT NULL,
    size_label character varying(50) NOT NULL,
    product_id bigint NOT NULL,
    color_hex character varying(7),
    is_color boolean NOT NULL
);


ALTER TABLE public.core_sizeoption OWNER TO postgres;

--
-- Name: core_sizeoption_id_seq; Type: SEQUENCE; Schema: public; Owner: postgres
--

ALTER TABLE public.core_sizeoption ALTER COLUMN id ADD GENERATED BY DEFAULT AS IDENTITY (
    SEQUENCE NAME public.core_sizeoption_id_seq
    START WITH 1
    INCREMENT BY 1
    NO MINVALUE
    NO MAXVALUE
    CACHE 1
);


--
-- Name: core_smallbanner; Type: TABLE; Schema: public; Owner: postgres
--

CREATE TABLE public.core_smallbanner (
    id bigint NOT NULL,
    title character varying(100) NOT NULL,
    image character varying(100) NOT NULL
);


ALTER TABLE public.core_smallbanner OWNER TO postgres;

--
-- Name: core_smallbanner_id_seq; Type: SEQUENCE; Schema: public; Owner: postgres
--

ALTER TABLE public.core_smallbanner ALTER COLUMN id ADD GENERATED BY DEFAULT AS IDENTITY (
    SEQUENCE NAME public.core_smallbanner_id_seq
    START WITH 1
    INCREMENT BY 1
    NO MINVALUE
    NO MAXVALUE
    CACHE 1
);


--
-- Name: django_admin_log; Type: TABLE; Schema: public; Owner: postgres
--

CREATE TABLE public.django_admin_log (
    id integer NOT NULL,
    action_time timestamp with time zone NOT NULL,
    object_id text,
    object_repr character varying(200) NOT NULL,
    action_flag smallint NOT NULL,
    change_message text NOT NULL,
    content_type_id integer,
    user_id integer NOT NULL,
    CONSTRAINT django_admin_log_action_flag_check CHECK ((action_flag >= 0))
);


ALTER TABLE public.django_admin_log OWNER TO postgres;

--
-- Name: django_admin_log_id_seq; Type: SEQUENCE; Schema: public; Owner: postgres
--

ALTER TABLE public.django_admin_log ALTER COLUMN id ADD GENERATED BY DEFAULT AS IDENTITY (
    SEQUENCE NAME public.django_admin_log_id_seq
    START WITH 1
    INCREMENT BY 1
    NO MINVALUE
    NO MAXVALUE
    CACHE 1
);


--
-- Name: django_content_type; Type: TABLE; Schema: public; Owner: postgres
--

CREATE TABLE public.django_content_type (
    id integer NOT NULL,
    app_label character varying(100) NOT NULL,
    model character varying(100) NOT NULL
);


ALTER TABLE public.django_content_type OWNER TO postgres;

--
-- Name: django_content_type_id_seq; Type: SEQUENCE; Schema: public; Owner: postgres
--

ALTER TABLE public.django_content_type ALTER COLUMN id ADD GENERATED BY DEFAULT AS IDENTITY (
    SEQUENCE NAME public.django_content_type_id_seq
    START WITH 1
    INCREMENT BY 1
    NO MINVALUE
    NO MAXVALUE
    CACHE 1
);


--
-- Name: django_migrations; Type: TABLE; Schema: public; Owner: postgres
--

CREATE TABLE public.django_migrations (
    id bigint NOT NULL,
    app character varying(255) NOT NULL,
    name character varying(255) NOT NULL,
    applied timestamp with time zone NOT NULL
);


ALTER TABLE public.django_migrations OWNER TO postgres;

--
-- Name: django_migrations_id_seq; Type: SEQUENCE; Schema: public; Owner: postgres
--

ALTER TABLE public.django_migrations ALTER COLUMN id ADD GENERATED BY DEFAULT AS IDENTITY (
    SEQUENCE NAME public.django_migrations_id_seq
    START WITH 1
    INCREMENT BY 1
    NO MINVALUE
    NO MAXVALUE
    CACHE 1
);


--
-- Name: django_session; Type: TABLE; Schema: public; Owner: postgres
--

CREATE TABLE public.django_session (
    session_key character varying(40) NOT NULL,
    session_data text NOT NULL,
    expire_date timestamp with time zone NOT NULL
);


ALTER TABLE public.django_session OWNER TO postgres;

--
-- Data for Name: auth_group; Type: TABLE DATA; Schema: public; Owner: postgres
--

COPY public.auth_group (id, name) FROM stdin;
\.


--
-- Data for Name: auth_group_permissions; Type: TABLE DATA; Schema: public; Owner: postgres
--

COPY public.auth_group_permissions (id, group_id, permission_id) FROM stdin;
\.


--
-- Data for Name: auth_permission; Type: TABLE DATA; Schema: public; Owner: postgres
--

COPY public.auth_permission (id, name, content_type_id, codename) FROM stdin;
1	Can add log entry	1	add_logentry
2	Can change log entry	1	change_logentry
3	Can delete log entry	1	delete_logentry
4	Can view log entry	1	view_logentry
5	Can add permission	2	add_permission
6	Can change permission	2	change_permission
7	Can delete permission	2	delete_permission
8	Can view permission	2	view_permission
9	Can add group	3	add_group
10	Can change group	3	change_group
11	Can delete group	3	delete_group
12	Can view group	3	view_group
13	Can add user	4	add_user
14	Can change user	4	change_user
15	Can delete user	4	delete_user
16	Can view user	4	view_user
17	Can add content type	5	add_contenttype
18	Can change content type	5	change_contenttype
19	Can delete content type	5	delete_contenttype
20	Can view content type	5	view_contenttype
21	Can add session	6	add_session
22	Can change session	6	change_session
23	Can delete session	6	delete_session
24	Can view session	6	view_session
25	Can add best seller product	7	add_bestsellerproduct
26	Can change best seller product	7	change_bestsellerproduct
27	Can delete best seller product	7	delete_bestsellerproduct
28	Can view best seller product	7	view_bestsellerproduct
29	Can add blog	8	add_blog
30	Can change blog	8	change_blog
31	Can delete blog	8	delete_blog
32	Can view blog	8	view_blog
33	Can add cart	9	add_cart
34	Can change cart	9	change_cart
35	Can delete cart	9	delete_cart
36	Can view cart	9	view_cart
37	Can add category	10	add_category
38	Can change category	10	change_category
39	Can delete category	10	delete_category
40	Can view category	10	view_category
41	Can add hero section	11	add_herosection
42	Can change hero section	11	change_herosection
43	Can delete hero section	11	delete_herosection
44	Can view hero section	11	view_herosection
45	Can add new arrival product	12	add_newarrivalproduct
46	Can change new arrival product	12	change_newarrivalproduct
47	Can delete new arrival product	12	delete_newarrivalproduct
48	Can view new arrival product	12	view_newarrivalproduct
49	Can add order	13	add_order
50	Can change order	13	change_order
51	Can delete order	13	delete_order
52	Can view order	13	view_order
53	Can add popular product	14	add_popularproduct
54	Can change popular product	14	change_popularproduct
55	Can delete popular product	14	delete_popularproduct
56	Can view popular product	14	view_popularproduct
57	Can add qr code	15	add_qrcode
58	Can change qr code	15	change_qrcode
59	Can delete qr code	15	delete_qrcode
60	Can view qr code	15	view_qrcode
61	Can add small banner	16	add_smallbanner
62	Can change small banner	16	change_smallbanner
63	Can delete small banner	16	delete_smallbanner
64	Can view small banner	16	view_smallbanner
65	Can add order item	17	add_orderitem
66	Can change order item	17	change_orderitem
67	Can delete order item	17	delete_orderitem
68	Can view order item	17	view_orderitem
69	Can add product	18	add_product
70	Can change product	18	change_product
71	Can delete product	18	delete_product
72	Can view product	18	view_product
73	Can add cart item	19	add_cartitem
74	Can change cart item	19	change_cartitem
75	Can delete cart item	19	delete_cartitem
76	Can view cart item	19	view_cartitem
77	Can add product detail	20	add_productdetail
78	Can change product detail	20	change_productdetail
79	Can delete product detail	20	delete_productdetail
80	Can view product detail	20	view_productdetail
81	Can add product image	21	add_productimage
82	Can change product image	21	change_productimage
83	Can delete product image	21	delete_productimage
84	Can view product image	21	view_productimage
85	Can add size option	22	add_sizeoption
86	Can change size option	22	change_sizeoption
87	Can delete size option	22	delete_sizeoption
88	Can view size option	22	view_sizeoption
89	Can add access token	23	add_accesstoken
90	Can change access token	23	change_accesstoken
91	Can delete access token	23	delete_accesstoken
92	Can view access token	23	view_accesstoken
\.


--
-- Data for Name: auth_user; Type: TABLE DATA; Schema: public; Owner: postgres
--

COPY public.auth_user (id, password, last_login, is_superuser, username, first_name, last_name, email, is_staff, is_active, date_joined) FROM stdin;
1	pbkdf2_sha256$1000000$1VhnDAVVy1GI4wSxwpMmQc$kgKQKl+1zsZvuyuaSWrHzpYEKz2sDz0Tf+nh6/ReyjM=	2026-05-21 18:23:01.896864+00	t	devops			dev12@gmail.com	t	t	2026-05-22 08:01:02.27887+00
\.


--
-- Data for Name: auth_user_groups; Type: TABLE DATA; Schema: public; Owner: postgres
--

COPY public.auth_user_groups (id, user_id, group_id) FROM stdin;
\.


--
-- Data for Name: auth_user_user_permissions; Type: TABLE DATA; Schema: public; Owner: postgres
--

COPY public.auth_user_user_permissions (id, user_id, permission_id) FROM stdin;
\.


--
-- Data for Name: core_accesstoken; Type: TABLE DATA; Schema: public; Owner: postgres
--

COPY public.core_accesstoken (id, created_at, is_active, token, user_id) FROM stdin;
\.


--
-- Data for Name: core_bestsellerproduct; Type: TABLE DATA; Schema: public; Owner: postgres
--

COPY public.core_bestsellerproduct (id, name, price, image, description, rating) FROM stdin;
\.


--
-- Data for Name: core_blog; Type: TABLE DATA; Schema: public; Owner: postgres
--

COPY public.core_blog (id, title, description, image, created_at) FROM stdin;
1	Simple Steps for Healthy and Glowing Skin	Skincare is the practice of taking care of your skin to keep it healthy, clean, and glowing. It involves using products and following routines that help protect the skin from problems such as acne, dryness, sun damage, and early signs of aging. A proper skincare routine usually includes cleansing the face to remove dirt and oil, moisturizing to maintain hydration, and applying sunscreen to protect the skin from harmful UV rays.\r\n\r\nSkincare is important because our skin is exposed to pollution, sunlight, and environmental factors every day. Without proper care, the skin can become damaged, irritated, or unhealthy over time. Different skin types such as oily, dry, combination, and sensitive skin require different products and routines. Understanding your skin type helps you choose products that work best for your skin.\r\n\r\nIn addition to using skincare products, maintaining healthy habits such as drinking enough water, eating nutritious foods, getting enough sleep, and reducing stress can improve skin health. Skincare is not only about beauty but also about maintaining overall skin health and building confidence.\r\nBenefits of Skincare\r\nHelps prevent acne and skin problems\r\nKeeps skin hydrated and healthy\r\nProtects skin from sun damage\r\nImproves confidence and appearance	blog_images/f6df7cc1325229492f6d029c6f3dd9bd_cJrAQuA.jpg	2026-05-22 08:35:40.468171+00
\.


--
-- Data for Name: core_cart; Type: TABLE DATA; Schema: public; Owner: postgres
--

COPY public.core_cart (id, created_at) FROM stdin;
\.


--
-- Data for Name: core_cartitem; Type: TABLE DATA; Schema: public; Owner: postgres
--

COPY public.core_cartitem (id, quantity, cart_id, product_id) FROM stdin;
\.


--
-- Data for Name: core_category; Type: TABLE DATA; Schema: public; Owner: postgres
--

COPY public.core_category (id, "categoryName", "categoryImage") FROM stdin;
1	Night Cream	images/Categories/n1.jpg
2	Sunscreen	images/Categories/2in1_n5eIRQ5.jpg
\.


--
-- Data for Name: core_herosection; Type: TABLE DATA; Schema: public; Owner: postgres
--

COPY public.core_herosection (id, image) FROM stdin;
1	hero/cd4a40b2cd2ef8c2fb1973673a8b6f9b_AAGxv43.jpg
\.


--
-- Data for Name: core_newarrivalproduct; Type: TABLE DATA; Schema: public; Owner: postgres
--

COPY public.core_newarrivalproduct (id, name, price, image, is_on_sale, description) FROM stdin;
\.


--
-- Data for Name: core_order; Type: TABLE DATA; Schema: public; Owner: postgres
--

COPY public.core_order (id, "customerName", "customerPhone", "orderDate", "totalAmount", "QRCodeInvoice") FROM stdin;
\.


--
-- Data for Name: core_orderitem; Type: TABLE DATA; Schema: public; Owner: postgres
--

COPY public.core_orderitem (id, "productName", quantity, price, order_id) FROM stdin;
\.


--
-- Data for Name: core_popularproduct; Type: TABLE DATA; Schema: public; Owner: postgres
--

COPY public.core_popularproduct (id, name, price, original_price, image, rating, is_on_sale) FROM stdin;
\.


--
-- Data for Name: core_product; Type: TABLE DATA; Schema: public; Owner: postgres
--

COPY public.core_product (id, name, description, price, original_price, image, rating, is_on_sale, is_popular, is_new_arrival, is_best_seller, available, category_id) FROM stdin;
1	P24 night cream		20.00	23.96	products/n1_ag8VHh3.jpg	0	t	t	f	f	t	1
2	BB cream 2IN1		15.00	\N	products/2in1_CIamPFQ.jpg	2	f	f	t	f	t	1
3	BB cream 2IN1	BB Cream is a beauty product that moisturizes skin, evens skin tone, and gives a natural glow with light coverage.	10.00	15.00	products/2in1_W0rUmMs.jpg	4	f	f	f	t	t	2
\.


--
-- Data for Name: core_productdetail; Type: TABLE DATA; Schema: public; Owner: postgres
--

COPY public.core_productdetail (id, "productDetailName", "Information", "Reviews", "productDetailDate", price, available, "productID_id", name, application_time, original_price, packaging, shelf_life, skin_type) FROM stdin;
\.


--
-- Data for Name: core_productimage; Type: TABLE DATA; Schema: public; Owner: postgres
--

COPY public.core_productimage (id, alt_text, product_id, image) FROM stdin;
\.


--
-- Data for Name: core_qrcode; Type: TABLE DATA; Schema: public; Owner: postgres
--

COPY public.core_qrcode (id, "qrName", "qrImage") FROM stdin;
\.


--
-- Data for Name: core_sizeoption; Type: TABLE DATA; Schema: public; Owner: postgres
--

COPY public.core_sizeoption (id, size_label, product_id, color_hex, is_color) FROM stdin;
\.


--
-- Data for Name: core_smallbanner; Type: TABLE DATA; Schema: public; Owner: postgres
--

COPY public.core_smallbanner (id, title, image) FROM stdin;
1	Glow Naturally	banners/skincare-product_fG6C6b7.jpg
2	Healthy Skin, Happy You	banners/hair-care_R4MaohD.jpg
\.


--
-- Data for Name: django_admin_log; Type: TABLE DATA; Schema: public; Owner: postgres
--

COPY public.django_admin_log (id, action_time, object_id, object_repr, action_flag, change_message, content_type_id, user_id) FROM stdin;
1	2026-05-21 18:13:36.90808+00	1	HeroSection object (1)	1	[{"added": {}}]	11	1
2	2026-05-22 08:35:40.471148+00	1	Simple Steps for Healthy and Glowing Skin	1	[{"added": {}}]	8	1
3	2026-05-21 18:38:16.834653+00	1	Simple Steps for Healthy and Glowing Skin	2	[{"changed": {"fields": ["Description"]}}]	8	1
4	2026-05-21 18:58:06.430294+00	1	1 - Night Cream	1	[{"added": {}}]	10	1
5	2026-05-21 18:59:47.210746+00	1	P24 night cream	1	[{"added": {}}]	18	1
6	2026-05-21 19:02:16.259967+00	1	Glow Naturally	1	[{"added": {}}]	16	1
7	2026-05-21 19:02:46.551961+00	2	Healthy Skin, Happy You	1	[{"added": {}}]	16	1
8	2026-05-21 19:04:52.819485+00	2	BB cream 2IN1	1	[{"added": {}}]	18	1
9	2026-05-21 19:05:41.352397+00	2	2 - Sunscreen	1	[{"added": {}}]	10	1
10	2026-05-21 19:06:02.353527+00	3	BB cream 2IN1	1	[{"added": {}}]	18	1
11	2026-05-21 19:07:31.357513+00	3	BB cream 2IN1	2	[{"changed": {"fields": ["Description"]}}]	18	1
12	2026-05-21 19:08:03.172461+00	3	BB cream 2IN1	2	[{"changed": {"fields": ["Description", "Rating"]}}]	18	1
13	2026-05-21 19:08:44.166358+00	3	BB cream 2IN1	2	[{"changed": {"fields": ["Price", "Original price"]}}]	18	1
\.


--
-- Data for Name: django_content_type; Type: TABLE DATA; Schema: public; Owner: postgres
--

COPY public.django_content_type (id, app_label, model) FROM stdin;
1	admin	logentry
2	auth	permission
3	auth	group
4	auth	user
5	contenttypes	contenttype
6	sessions	session
7	core	bestsellerproduct
8	core	blog
9	core	cart
10	core	category
11	core	herosection
12	core	newarrivalproduct
13	core	order
14	core	popularproduct
15	core	qrcode
16	core	smallbanner
17	core	orderitem
18	core	product
19	core	cartitem
20	core	productdetail
21	core	productimage
22	core	sizeoption
23	core	accesstoken
\.


--
-- Data for Name: django_migrations; Type: TABLE DATA; Schema: public; Owner: postgres
--

COPY public.django_migrations (id, app, name, applied) FROM stdin;
1	contenttypes	0001_initial	2026-05-21 18:00:51.807296+00
2	auth	0001_initial	2026-05-21 18:00:51.870045+00
3	admin	0001_initial	2026-05-21 18:00:51.886925+00
4	admin	0002_logentry_remove_auto_add	2026-05-21 18:00:51.893723+00
5	admin	0003_logentry_add_action_flag_choices	2026-05-21 18:00:51.90028+00
6	contenttypes	0002_remove_content_type_name	2026-05-21 18:00:51.911967+00
7	auth	0002_alter_permission_name_max_length	2026-05-21 18:00:51.91864+00
8	auth	0003_alter_user_email_max_length	2026-05-21 18:00:51.924605+00
9	auth	0004_alter_user_username_opts	2026-05-21 18:00:51.9304+00
10	auth	0005_alter_user_last_login_null	2026-05-21 18:00:51.936965+00
11	auth	0006_require_contenttypes_0002	2026-05-21 18:00:51.938673+00
12	auth	0007_alter_validators_add_error_messages	2026-05-21 18:00:51.945909+00
13	auth	0008_alter_user_username_max_length	2026-05-21 18:00:51.955221+00
14	auth	0009_alter_user_last_name_max_length	2026-05-21 18:00:51.961288+00
15	auth	0010_alter_group_name_max_length	2026-05-21 18:00:51.96809+00
16	auth	0011_update_proxy_permissions	2026-05-21 18:00:51.973311+00
17	auth	0012_alter_user_first_name_max_length	2026-05-21 18:00:51.979277+00
18	core	0001_initial	2026-05-21 18:00:52.066603+00
19	core	0002_productimage_sizeoption	2026-05-21 18:00:52.090429+00
20	core	0003_remove_productimage_image_url_productdetail_name_and_more	2026-05-21 18:00:52.104916+00
21	core	0004_productdetail_application_time_and_more	2026-05-21 18:00:52.134444+00
22	core	0005_remove_productdetail_description	2026-05-21 18:00:52.140959+00
23	core	0006_remove_productdetail_rating_sizeoption_color_hex_and_more	2026-05-21 18:00:52.155287+00
24	core	0007_accesstoken	2026-05-21 18:00:52.165405+00
25	core	0008_remove_accesstoken_access_token_and_more	2026-05-21 18:00:52.177981+00
26	core	0009_accesstoken_user_alter_accesstoken_token	2026-05-21 18:00:52.202296+00
27	core	0010_alter_accesstoken_token	2026-05-21 18:00:52.207924+00
28	sessions	0001_initial	2026-05-21 18:00:52.220199+00
\.


--
-- Data for Name: django_session; Type: TABLE DATA; Schema: public; Owner: postgres
--

COPY public.django_session (session_key, session_data, expire_date) FROM stdin;
\.


--
-- Name: auth_group_id_seq; Type: SEQUENCE SET; Schema: public; Owner: postgres
--

SELECT pg_catalog.setval('public.auth_group_id_seq', 1, false);


--
-- Name: auth_group_permissions_id_seq; Type: SEQUENCE SET; Schema: public; Owner: postgres
--

SELECT pg_catalog.setval('public.auth_group_permissions_id_seq', 1, false);


--
-- Name: auth_permission_id_seq; Type: SEQUENCE SET; Schema: public; Owner: postgres
--

SELECT pg_catalog.setval('public.auth_permission_id_seq', 92, true);


--
-- Name: auth_user_groups_id_seq; Type: SEQUENCE SET; Schema: public; Owner: postgres
--

SELECT pg_catalog.setval('public.auth_user_groups_id_seq', 1, false);


--
-- Name: auth_user_id_seq; Type: SEQUENCE SET; Schema: public; Owner: postgres
--

SELECT pg_catalog.setval('public.auth_user_id_seq', 1, true);


--
-- Name: auth_user_user_permissions_id_seq; Type: SEQUENCE SET; Schema: public; Owner: postgres
--

SELECT pg_catalog.setval('public.auth_user_user_permissions_id_seq', 1, false);


--
-- Name: core_accesstoken_id_seq; Type: SEQUENCE SET; Schema: public; Owner: postgres
--

SELECT pg_catalog.setval('public.core_accesstoken_id_seq', 1, false);


--
-- Name: core_bestsellerproduct_id_seq; Type: SEQUENCE SET; Schema: public; Owner: postgres
--

SELECT pg_catalog.setval('public.core_bestsellerproduct_id_seq', 1, false);


--
-- Name: core_blog_id_seq; Type: SEQUENCE SET; Schema: public; Owner: postgres
--

SELECT pg_catalog.setval('public.core_blog_id_seq', 33, true);


--
-- Name: core_cart_id_seq; Type: SEQUENCE SET; Schema: public; Owner: postgres
--

SELECT pg_catalog.setval('public.core_cart_id_seq', 1, false);


--
-- Name: core_cartitem_id_seq; Type: SEQUENCE SET; Schema: public; Owner: postgres
--

SELECT pg_catalog.setval('public.core_cartitem_id_seq', 1, false);


--
-- Name: core_category_id_seq; Type: SEQUENCE SET; Schema: public; Owner: postgres
--

SELECT pg_catalog.setval('public.core_category_id_seq', 33, true);


--
-- Name: core_herosection_id_seq; Type: SEQUENCE SET; Schema: public; Owner: postgres
--

SELECT pg_catalog.setval('public.core_herosection_id_seq', 33, true);


--
-- Name: core_newarrivalproduct_id_seq; Type: SEQUENCE SET; Schema: public; Owner: postgres
--

SELECT pg_catalog.setval('public.core_newarrivalproduct_id_seq', 1, false);


--
-- Name: core_order_id_seq; Type: SEQUENCE SET; Schema: public; Owner: postgres
--

SELECT pg_catalog.setval('public.core_order_id_seq', 1, false);


--
-- Name: core_orderitem_id_seq; Type: SEQUENCE SET; Schema: public; Owner: postgres
--

SELECT pg_catalog.setval('public.core_orderitem_id_seq', 1, false);


--
-- Name: core_popularproduct_id_seq; Type: SEQUENCE SET; Schema: public; Owner: postgres
--

SELECT pg_catalog.setval('public.core_popularproduct_id_seq', 1, false);


--
-- Name: core_product_id_seq; Type: SEQUENCE SET; Schema: public; Owner: postgres
--

SELECT pg_catalog.setval('public.core_product_id_seq', 33, true);


--
-- Name: core_productdetail_id_seq; Type: SEQUENCE SET; Schema: public; Owner: postgres
--

SELECT pg_catalog.setval('public.core_productdetail_id_seq', 1, false);


--
-- Name: core_productimage_id_seq; Type: SEQUENCE SET; Schema: public; Owner: postgres
--

SELECT pg_catalog.setval('public.core_productimage_id_seq', 1, false);


--
-- Name: core_qrcode_id_seq; Type: SEQUENCE SET; Schema: public; Owner: postgres
--

SELECT pg_catalog.setval('public.core_qrcode_id_seq', 1, false);


--
-- Name: core_sizeoption_id_seq; Type: SEQUENCE SET; Schema: public; Owner: postgres
--

SELECT pg_catalog.setval('public.core_sizeoption_id_seq', 1, false);


--
-- Name: core_smallbanner_id_seq; Type: SEQUENCE SET; Schema: public; Owner: postgres
--

SELECT pg_catalog.setval('public.core_smallbanner_id_seq', 33, true);


--
-- Name: django_admin_log_id_seq; Type: SEQUENCE SET; Schema: public; Owner: postgres
--

SELECT pg_catalog.setval('public.django_admin_log_id_seq', 33, true);


--
-- Name: django_content_type_id_seq; Type: SEQUENCE SET; Schema: public; Owner: postgres
--

SELECT pg_catalog.setval('public.django_content_type_id_seq', 23, true);


--
-- Name: django_migrations_id_seq; Type: SEQUENCE SET; Schema: public; Owner: postgres
--

SELECT pg_catalog.setval('public.django_migrations_id_seq', 28, true);


--
-- Name: auth_group auth_group_name_key; Type: CONSTRAINT; Schema: public; Owner: postgres
--

ALTER TABLE ONLY public.auth_group
    ADD CONSTRAINT auth_group_name_key UNIQUE (name);


--
-- Name: auth_group_permissions auth_group_permissions_group_id_permission_id_0cd325b0_uniq; Type: CONSTRAINT; Schema: public; Owner: postgres
--

ALTER TABLE ONLY public.auth_group_permissions
    ADD CONSTRAINT auth_group_permissions_group_id_permission_id_0cd325b0_uniq UNIQUE (group_id, permission_id);


--
-- Name: auth_group_permissions auth_group_permissions_pkey; Type: CONSTRAINT; Schema: public; Owner: postgres
--

ALTER TABLE ONLY public.auth_group_permissions
    ADD CONSTRAINT auth_group_permissions_pkey PRIMARY KEY (id);


--
-- Name: auth_group auth_group_pkey; Type: CONSTRAINT; Schema: public; Owner: postgres
--

ALTER TABLE ONLY public.auth_group
    ADD CONSTRAINT auth_group_pkey PRIMARY KEY (id);


--
-- Name: auth_permission auth_permission_content_type_id_codename_01ab375a_uniq; Type: CONSTRAINT; Schema: public; Owner: postgres
--

ALTER TABLE ONLY public.auth_permission
    ADD CONSTRAINT auth_permission_content_type_id_codename_01ab375a_uniq UNIQUE (content_type_id, codename);


--
-- Name: auth_permission auth_permission_pkey; Type: CONSTRAINT; Schema: public; Owner: postgres
--

ALTER TABLE ONLY public.auth_permission
    ADD CONSTRAINT auth_permission_pkey PRIMARY KEY (id);


--
-- Name: auth_user_groups auth_user_groups_pkey; Type: CONSTRAINT; Schema: public; Owner: postgres
--

ALTER TABLE ONLY public.auth_user_groups
    ADD CONSTRAINT auth_user_groups_pkey PRIMARY KEY (id);


--
-- Name: auth_user_groups auth_user_groups_user_id_group_id_94350c0c_uniq; Type: CONSTRAINT; Schema: public; Owner: postgres
--

ALTER TABLE ONLY public.auth_user_groups
    ADD CONSTRAINT auth_user_groups_user_id_group_id_94350c0c_uniq UNIQUE (user_id, group_id);


--
-- Name: auth_user auth_user_pkey; Type: CONSTRAINT; Schema: public; Owner: postgres
--

ALTER TABLE ONLY public.auth_user
    ADD CONSTRAINT auth_user_pkey PRIMARY KEY (id);


--
-- Name: auth_user_user_permissions auth_user_user_permissions_pkey; Type: CONSTRAINT; Schema: public; Owner: postgres
--

ALTER TABLE ONLY public.auth_user_user_permissions
    ADD CONSTRAINT auth_user_user_permissions_pkey PRIMARY KEY (id);


--
-- Name: auth_user_user_permissions auth_user_user_permissions_user_id_permission_id_14a6b632_uniq; Type: CONSTRAINT; Schema: public; Owner: postgres
--

ALTER TABLE ONLY public.auth_user_user_permissions
    ADD CONSTRAINT auth_user_user_permissions_user_id_permission_id_14a6b632_uniq UNIQUE (user_id, permission_id);


--
-- Name: auth_user auth_user_username_key; Type: CONSTRAINT; Schema: public; Owner: postgres
--

ALTER TABLE ONLY public.auth_user
    ADD CONSTRAINT auth_user_username_key UNIQUE (username);


--
-- Name: core_accesstoken core_accesstoken_pkey; Type: CONSTRAINT; Schema: public; Owner: postgres
--

ALTER TABLE ONLY public.core_accesstoken
    ADD CONSTRAINT core_accesstoken_pkey PRIMARY KEY (id);


--
-- Name: core_accesstoken core_accesstoken_token_key; Type: CONSTRAINT; Schema: public; Owner: postgres
--

ALTER TABLE ONLY public.core_accesstoken
    ADD CONSTRAINT core_accesstoken_token_key UNIQUE (token);


--
-- Name: core_bestsellerproduct core_bestsellerproduct_pkey; Type: CONSTRAINT; Schema: public; Owner: postgres
--

ALTER TABLE ONLY public.core_bestsellerproduct
    ADD CONSTRAINT core_bestsellerproduct_pkey PRIMARY KEY (id);


--
-- Name: core_blog core_blog_pkey; Type: CONSTRAINT; Schema: public; Owner: postgres
--

ALTER TABLE ONLY public.core_blog
    ADD CONSTRAINT core_blog_pkey PRIMARY KEY (id);


--
-- Name: core_cart core_cart_pkey; Type: CONSTRAINT; Schema: public; Owner: postgres
--

ALTER TABLE ONLY public.core_cart
    ADD CONSTRAINT core_cart_pkey PRIMARY KEY (id);


--
-- Name: core_cartitem core_cartitem_pkey; Type: CONSTRAINT; Schema: public; Owner: postgres
--

ALTER TABLE ONLY public.core_cartitem
    ADD CONSTRAINT core_cartitem_pkey PRIMARY KEY (id);


--
-- Name: core_category core_category_pkey; Type: CONSTRAINT; Schema: public; Owner: postgres
--

ALTER TABLE ONLY public.core_category
    ADD CONSTRAINT core_category_pkey PRIMARY KEY (id);


--
-- Name: core_herosection core_herosection_pkey; Type: CONSTRAINT; Schema: public; Owner: postgres
--

ALTER TABLE ONLY public.core_herosection
    ADD CONSTRAINT core_herosection_pkey PRIMARY KEY (id);


--
-- Name: core_newarrivalproduct core_newarrivalproduct_pkey; Type: CONSTRAINT; Schema: public; Owner: postgres
--

ALTER TABLE ONLY public.core_newarrivalproduct
    ADD CONSTRAINT core_newarrivalproduct_pkey PRIMARY KEY (id);


--
-- Name: core_order core_order_pkey; Type: CONSTRAINT; Schema: public; Owner: postgres
--

ALTER TABLE ONLY public.core_order
    ADD CONSTRAINT core_order_pkey PRIMARY KEY (id);


--
-- Name: core_orderitem core_orderitem_pkey; Type: CONSTRAINT; Schema: public; Owner: postgres
--

ALTER TABLE ONLY public.core_orderitem
    ADD CONSTRAINT core_orderitem_pkey PRIMARY KEY (id);


--
-- Name: core_popularproduct core_popularproduct_pkey; Type: CONSTRAINT; Schema: public; Owner: postgres
--

ALTER TABLE ONLY public.core_popularproduct
    ADD CONSTRAINT core_popularproduct_pkey PRIMARY KEY (id);


--
-- Name: core_product core_product_pkey; Type: CONSTRAINT; Schema: public; Owner: postgres
--

ALTER TABLE ONLY public.core_product
    ADD CONSTRAINT core_product_pkey PRIMARY KEY (id);


--
-- Name: core_productdetail core_productdetail_pkey; Type: CONSTRAINT; Schema: public; Owner: postgres
--

ALTER TABLE ONLY public.core_productdetail
    ADD CONSTRAINT core_productdetail_pkey PRIMARY KEY (id);


--
-- Name: core_productimage core_productimage_pkey; Type: CONSTRAINT; Schema: public; Owner: postgres
--

ALTER TABLE ONLY public.core_productimage
    ADD CONSTRAINT core_productimage_pkey PRIMARY KEY (id);


--
-- Name: core_qrcode core_qrcode_pkey; Type: CONSTRAINT; Schema: public; Owner: postgres
--

ALTER TABLE ONLY public.core_qrcode
    ADD CONSTRAINT core_qrcode_pkey PRIMARY KEY (id);


--
-- Name: core_sizeoption core_sizeoption_pkey; Type: CONSTRAINT; Schema: public; Owner: postgres
--

ALTER TABLE ONLY public.core_sizeoption
    ADD CONSTRAINT core_sizeoption_pkey PRIMARY KEY (id);


--
-- Name: core_smallbanner core_smallbanner_pkey; Type: CONSTRAINT; Schema: public; Owner: postgres
--

ALTER TABLE ONLY public.core_smallbanner
    ADD CONSTRAINT core_smallbanner_pkey PRIMARY KEY (id);


--
-- Name: django_admin_log django_admin_log_pkey; Type: CONSTRAINT; Schema: public; Owner: postgres
--

ALTER TABLE ONLY public.django_admin_log
    ADD CONSTRAINT django_admin_log_pkey PRIMARY KEY (id);


--
-- Name: django_content_type django_content_type_app_label_model_76bd3d3b_uniq; Type: CONSTRAINT; Schema: public; Owner: postgres
--

ALTER TABLE ONLY public.django_content_type
    ADD CONSTRAINT django_content_type_app_label_model_76bd3d3b_uniq UNIQUE (app_label, model);


--
-- Name: django_content_type django_content_type_pkey; Type: CONSTRAINT; Schema: public; Owner: postgres
--

ALTER TABLE ONLY public.django_content_type
    ADD CONSTRAINT django_content_type_pkey PRIMARY KEY (id);


--
-- Name: django_migrations django_migrations_pkey; Type: CONSTRAINT; Schema: public; Owner: postgres
--

ALTER TABLE ONLY public.django_migrations
    ADD CONSTRAINT django_migrations_pkey PRIMARY KEY (id);


--
-- Name: django_session django_session_pkey; Type: CONSTRAINT; Schema: public; Owner: postgres
--

ALTER TABLE ONLY public.django_session
    ADD CONSTRAINT django_session_pkey PRIMARY KEY (session_key);


--
-- Name: auth_group_name_a6ea08ec_like; Type: INDEX; Schema: public; Owner: postgres
--

CREATE INDEX auth_group_name_a6ea08ec_like ON public.auth_group USING btree (name varchar_pattern_ops);


--
-- Name: auth_group_permissions_group_id_b120cbf9; Type: INDEX; Schema: public; Owner: postgres
--

CREATE INDEX auth_group_permissions_group_id_b120cbf9 ON public.auth_group_permissions USING btree (group_id);


--
-- Name: auth_group_permissions_permission_id_84c5c92e; Type: INDEX; Schema: public; Owner: postgres
--

CREATE INDEX auth_group_permissions_permission_id_84c5c92e ON public.auth_group_permissions USING btree (permission_id);


--
-- Name: auth_permission_content_type_id_2f476e4b; Type: INDEX; Schema: public; Owner: postgres
--

CREATE INDEX auth_permission_content_type_id_2f476e4b ON public.auth_permission USING btree (content_type_id);


--
-- Name: auth_user_groups_group_id_97559544; Type: INDEX; Schema: public; Owner: postgres
--

CREATE INDEX auth_user_groups_group_id_97559544 ON public.auth_user_groups USING btree (group_id);


--
-- Name: auth_user_groups_user_id_6a12ed8b; Type: INDEX; Schema: public; Owner: postgres
--

CREATE INDEX auth_user_groups_user_id_6a12ed8b ON public.auth_user_groups USING btree (user_id);


--
-- Name: auth_user_user_permissions_permission_id_1fbb5f2c; Type: INDEX; Schema: public; Owner: postgres
--

CREATE INDEX auth_user_user_permissions_permission_id_1fbb5f2c ON public.auth_user_user_permissions USING btree (permission_id);


--
-- Name: auth_user_user_permissions_user_id_a95ead1b; Type: INDEX; Schema: public; Owner: postgres
--

CREATE INDEX auth_user_user_permissions_user_id_a95ead1b ON public.auth_user_user_permissions USING btree (user_id);


--
-- Name: auth_user_username_6821ab7c_like; Type: INDEX; Schema: public; Owner: postgres
--

CREATE INDEX auth_user_username_6821ab7c_like ON public.auth_user USING btree (username varchar_pattern_ops);


--
-- Name: core_accesstoken_token_8c3a0e43_like; Type: INDEX; Schema: public; Owner: postgres
--

CREATE INDEX core_accesstoken_token_8c3a0e43_like ON public.core_accesstoken USING btree (token varchar_pattern_ops);


--
-- Name: core_accesstoken_user_id_a246449b; Type: INDEX; Schema: public; Owner: postgres
--

CREATE INDEX core_accesstoken_user_id_a246449b ON public.core_accesstoken USING btree (user_id);


--
-- Name: core_cartitem_cart_id_5256d769; Type: INDEX; Schema: public; Owner: postgres
--

CREATE INDEX core_cartitem_cart_id_5256d769 ON public.core_cartitem USING btree (cart_id);


--
-- Name: core_cartitem_product_id_2640c4a2; Type: INDEX; Schema: public; Owner: postgres
--

CREATE INDEX core_cartitem_product_id_2640c4a2 ON public.core_cartitem USING btree (product_id);


--
-- Name: core_orderitem_order_id_30929c10; Type: INDEX; Schema: public; Owner: postgres
--

CREATE INDEX core_orderitem_order_id_30929c10 ON public.core_orderitem USING btree (order_id);


--
-- Name: core_product_category_id_b9d8ff9f; Type: INDEX; Schema: public; Owner: postgres
--

CREATE INDEX core_product_category_id_b9d8ff9f ON public.core_product USING btree (category_id);


--
-- Name: core_productdetail_productID_id_10d8eef0; Type: INDEX; Schema: public; Owner: postgres
--

CREATE INDEX "core_productdetail_productID_id_10d8eef0" ON public.core_productdetail USING btree ("productID_id");


--
-- Name: core_productimage_product_id_10178291; Type: INDEX; Schema: public; Owner: postgres
--

CREATE INDEX core_productimage_product_id_10178291 ON public.core_productimage USING btree (product_id);


--
-- Name: core_sizeoption_product_id_cd325987; Type: INDEX; Schema: public; Owner: postgres
--

CREATE INDEX core_sizeoption_product_id_cd325987 ON public.core_sizeoption USING btree (product_id);


--
-- Name: django_admin_log_content_type_id_c4bce8eb; Type: INDEX; Schema: public; Owner: postgres
--

CREATE INDEX django_admin_log_content_type_id_c4bce8eb ON public.django_admin_log USING btree (content_type_id);


--
-- Name: django_admin_log_user_id_c564eba6; Type: INDEX; Schema: public; Owner: postgres
--

CREATE INDEX django_admin_log_user_id_c564eba6 ON public.django_admin_log USING btree (user_id);


--
-- Name: django_session_expire_date_a5c62663; Type: INDEX; Schema: public; Owner: postgres
--

CREATE INDEX django_session_expire_date_a5c62663 ON public.django_session USING btree (expire_date);


--
-- Name: django_session_session_key_c0390e0f_like; Type: INDEX; Schema: public; Owner: postgres
--

CREATE INDEX django_session_session_key_c0390e0f_like ON public.django_session USING btree (session_key varchar_pattern_ops);


--
-- Name: auth_group_permissions auth_group_permissio_permission_id_84c5c92e_fk_auth_perm; Type: FK CONSTRAINT; Schema: public; Owner: postgres
--

ALTER TABLE ONLY public.auth_group_permissions
    ADD CONSTRAINT auth_group_permissio_permission_id_84c5c92e_fk_auth_perm FOREIGN KEY (permission_id) REFERENCES public.auth_permission(id) DEFERRABLE INITIALLY DEFERRED;


--
-- Name: auth_group_permissions auth_group_permissions_group_id_b120cbf9_fk_auth_group_id; Type: FK CONSTRAINT; Schema: public; Owner: postgres
--

ALTER TABLE ONLY public.auth_group_permissions
    ADD CONSTRAINT auth_group_permissions_group_id_b120cbf9_fk_auth_group_id FOREIGN KEY (group_id) REFERENCES public.auth_group(id) DEFERRABLE INITIALLY DEFERRED;


--
-- Name: auth_permission auth_permission_content_type_id_2f476e4b_fk_django_co; Type: FK CONSTRAINT; Schema: public; Owner: postgres
--

ALTER TABLE ONLY public.auth_permission
    ADD CONSTRAINT auth_permission_content_type_id_2f476e4b_fk_django_co FOREIGN KEY (content_type_id) REFERENCES public.django_content_type(id) DEFERRABLE INITIALLY DEFERRED;


--
-- Name: auth_user_groups auth_user_groups_group_id_97559544_fk_auth_group_id; Type: FK CONSTRAINT; Schema: public; Owner: postgres
--

ALTER TABLE ONLY public.auth_user_groups
    ADD CONSTRAINT auth_user_groups_group_id_97559544_fk_auth_group_id FOREIGN KEY (group_id) REFERENCES public.auth_group(id) DEFERRABLE INITIALLY DEFERRED;


--
-- Name: auth_user_groups auth_user_groups_user_id_6a12ed8b_fk_auth_user_id; Type: FK CONSTRAINT; Schema: public; Owner: postgres
--

ALTER TABLE ONLY public.auth_user_groups
    ADD CONSTRAINT auth_user_groups_user_id_6a12ed8b_fk_auth_user_id FOREIGN KEY (user_id) REFERENCES public.auth_user(id) DEFERRABLE INITIALLY DEFERRED;


--
-- Name: auth_user_user_permissions auth_user_user_permi_permission_id_1fbb5f2c_fk_auth_perm; Type: FK CONSTRAINT; Schema: public; Owner: postgres
--

ALTER TABLE ONLY public.auth_user_user_permissions
    ADD CONSTRAINT auth_user_user_permi_permission_id_1fbb5f2c_fk_auth_perm FOREIGN KEY (permission_id) REFERENCES public.auth_permission(id) DEFERRABLE INITIALLY DEFERRED;


--
-- Name: auth_user_user_permissions auth_user_user_permissions_user_id_a95ead1b_fk_auth_user_id; Type: FK CONSTRAINT; Schema: public; Owner: postgres
--

ALTER TABLE ONLY public.auth_user_user_permissions
    ADD CONSTRAINT auth_user_user_permissions_user_id_a95ead1b_fk_auth_user_id FOREIGN KEY (user_id) REFERENCES public.auth_user(id) DEFERRABLE INITIALLY DEFERRED;


--
-- Name: core_accesstoken core_accesstoken_user_id_a246449b_fk_auth_user_id; Type: FK CONSTRAINT; Schema: public; Owner: postgres
--

ALTER TABLE ONLY public.core_accesstoken
    ADD CONSTRAINT core_accesstoken_user_id_a246449b_fk_auth_user_id FOREIGN KEY (user_id) REFERENCES public.auth_user(id) DEFERRABLE INITIALLY DEFERRED;


--
-- Name: core_cartitem core_cartitem_cart_id_5256d769_fk_core_cart_id; Type: FK CONSTRAINT; Schema: public; Owner: postgres
--

ALTER TABLE ONLY public.core_cartitem
    ADD CONSTRAINT core_cartitem_cart_id_5256d769_fk_core_cart_id FOREIGN KEY (cart_id) REFERENCES public.core_cart(id) DEFERRABLE INITIALLY DEFERRED;


--
-- Name: core_cartitem core_cartitem_product_id_2640c4a2_fk_core_product_id; Type: FK CONSTRAINT; Schema: public; Owner: postgres
--

ALTER TABLE ONLY public.core_cartitem
    ADD CONSTRAINT core_cartitem_product_id_2640c4a2_fk_core_product_id FOREIGN KEY (product_id) REFERENCES public.core_product(id) DEFERRABLE INITIALLY DEFERRED;


--
-- Name: core_orderitem core_orderitem_order_id_30929c10_fk_core_order_id; Type: FK CONSTRAINT; Schema: public; Owner: postgres
--

ALTER TABLE ONLY public.core_orderitem
    ADD CONSTRAINT core_orderitem_order_id_30929c10_fk_core_order_id FOREIGN KEY (order_id) REFERENCES public.core_order(id) DEFERRABLE INITIALLY DEFERRED;


--
-- Name: core_product core_product_category_id_b9d8ff9f_fk_core_category_id; Type: FK CONSTRAINT; Schema: public; Owner: postgres
--

ALTER TABLE ONLY public.core_product
    ADD CONSTRAINT core_product_category_id_b9d8ff9f_fk_core_category_id FOREIGN KEY (category_id) REFERENCES public.core_category(id) DEFERRABLE INITIALLY DEFERRED;


--
-- Name: core_productdetail core_productdetail_productID_id_10d8eef0_fk_core_product_id; Type: FK CONSTRAINT; Schema: public; Owner: postgres
--

ALTER TABLE ONLY public.core_productdetail
    ADD CONSTRAINT "core_productdetail_productID_id_10d8eef0_fk_core_product_id" FOREIGN KEY ("productID_id") REFERENCES public.core_product(id) DEFERRABLE INITIALLY DEFERRED;


--
-- Name: core_productimage core_productimage_product_id_10178291_fk_core_product_id; Type: FK CONSTRAINT; Schema: public; Owner: postgres
--

ALTER TABLE ONLY public.core_productimage
    ADD CONSTRAINT core_productimage_product_id_10178291_fk_core_product_id FOREIGN KEY (product_id) REFERENCES public.core_product(id) DEFERRABLE INITIALLY DEFERRED;


--
-- Name: core_sizeoption core_sizeoption_product_id_cd325987_fk_core_product_id; Type: FK CONSTRAINT; Schema: public; Owner: postgres
--

ALTER TABLE ONLY public.core_sizeoption
    ADD CONSTRAINT core_sizeoption_product_id_cd325987_fk_core_product_id FOREIGN KEY (product_id) REFERENCES public.core_product(id) DEFERRABLE INITIALLY DEFERRED;


--
-- Name: django_admin_log django_admin_log_content_type_id_c4bce8eb_fk_django_co; Type: FK CONSTRAINT; Schema: public; Owner: postgres
--

ALTER TABLE ONLY public.django_admin_log
    ADD CONSTRAINT django_admin_log_content_type_id_c4bce8eb_fk_django_co FOREIGN KEY (content_type_id) REFERENCES public.django_content_type(id) DEFERRABLE INITIALLY DEFERRED;


--
-- Name: django_admin_log django_admin_log_user_id_c564eba6_fk_auth_user_id; Type: FK CONSTRAINT; Schema: public; Owner: postgres
--

ALTER TABLE ONLY public.django_admin_log
    ADD CONSTRAINT django_admin_log_user_id_c564eba6_fk_auth_user_id FOREIGN KEY (user_id) REFERENCES public.auth_user(id) DEFERRABLE INITIALLY DEFERRED;


--
-- PostgreSQL database dump complete
--

\unrestrict izybK5PfECGaQT9meJTaByktCPMH2rrvaQ0ADyZqeVq10YtSt3X3aUQn9Ehdg9z

